Category,Symbol,Name,Issuer / Protocol,Link / Contract (Robinhood Chain),Expected yield,Yield source,Supply / TVL on Robinhood Chain,Status,Access,Route without KYC
1. Stablecoins & synthetic dollars,USDG,Global Dollar,Paxos (Global Dollar Network),globaldollar.com · 0x5fc5360D0400a0Fd4f2af552ADD042D716F1d168,0% to holders,"Reserve yield goes to distribution partners, not holders","~691M USDG (Envio, Sep 25, 2026)","Live, native",Hybrid,"Uniswap / Rialto / 1inch, or bridge via LayerZero-Stargate, Relay, Across"
1. Stablecoins & synthetic dollars,steakUSDG,Steakhouse USDG (Morpho Vault V2),Steakhouse / Morpho,app.morpho.org/robinhood-chain/vault/0xBeEff033F34C046626B8D0A041844C5d1A5409dd,"3.69% net (Morpho, Oct 6, 2026); 30d 3.8%; variable",Lending to USDe / syrupUSDG / mGLO / spUSDG borrowers,$534M deposits,Live,Permissionless,Deposit USDG directly in the Morpho app
1. Stablecoins & synthetic dollars,Robinhood Earn,Robinhood Earn (USDG on-chain lending),Robinhood / Morpho / Steakhouse,robinhood.com/us/en/crypto/earn,"~7% advertised (≈3.5% base + ≈3.5% reward tokens, Sep 2026)",Morpho lending + promotional rewards,Inside steakUSDG,"Live, eligible US users",Permissioned (app account),Use steakUSDG directly (bonus rewards may not apply)
1. Stablecoins & synthetic dollars,syrupUSDG,Maple Syrup USDG,Maple Finance,maple.finance/insights/syrupusdg · 0x40858070814a57FdF33a613ae84fE0a8b4a874f7,"~4.6–5.0% (Maple / Today in DeFi, Sep 2026); variable",Overcollateralized institutional loans,Not verified (133M USDG lent against it on Morpho),"Live since Jul 1, 2026",Hybrid,Bridge in via Chainlink CCIP; no liquid local DEX pool verified
1. Stablecoins & synthetic dollars,syrupUSDC,Maple Syrup USDC,Maple Finance,0xC6a4854eeB493224d5f9485E12Dd3A81f22EEE14,"~5.0–5.1% (all chains, undated)",Institutional lending,Not verified,Live,Hybrid,"Buy on Ethereum DEX, bridge via CCIP"
1. Stablecoins & synthetic dollars,spUSDG,Spark Savings USDG,Spark (Sky ecosystem),docs.spark.finance · 0xde770c84FE66E063336b31737cFE9790f18c4087,~2.7–3.2% (Sep–Oct 2026); governance-set,Spark Liquidity Layer deployments,"$11–25M (mid-2026, secondary)",Live; Credora A rating,Permissionless,Deposit USDG at app.spark.finance
1. Stablecoins & synthetic dollars,rUSDG,[Robinhood] USDG Yield Vault,Mellow Finance,Vault 0xCe939C136cFfd80747e61f45F17EFdcd4D4abD3B,Not verified,Curated USDG strategies,Not verified,Live,Likely permissionless (verify),Mellow app; redemption queue
1. Stablecoins & synthetic dollars,USDe,Ethena USDe,Ethena Labs,ethena.fi,No base yield; ~4.5% Ethena incentive when posted as Morpho collateral (late Sep 2026),Incentives (basis yield only via sUSDe),$286–320M+ (Aug 2026),Live,Hybrid,Buy on chain DEXs or bridge via LayerZero OFT
1. Stablecoins & synthetic dollars,sUSDe,Ethena Staked USDe,Ethena Labs,—,n/a on this chain,Basis / funding,Not verified,Unconfirmed on Robinhood Chain,Permissionless on Ethereum,Stake on Ethereum; bridge route unverified
1. Stablecoins & synthetic dollars,sUSDS / USDtb / USD0++ / USDY,Various,Sky / Ethena / Usual / Ondo,—,n/a,—,Not found,Not deployed,—,—
2. Tokenized RWAs,mGLO,Midas Fasanara Global Open,Midas (Fasanara Capital),midas.app/mglo · 0xFEd493F38c1aAcb4EA4e6A11F8b9287849EE0096,Token APY not verified; USDG/mGLO Morpho market pays 4.95% (Oct 6),Diversified alternative / private debt,~$119M market cap (Blockscout),"Live since Jul 1, 2026",Hybrid,No liquid DEX pool; lend USDG into the USDG/mGLO Morpho market for credit exposure
2. Tokenized RWAs,Stock Tokens (190+),[Company] • Robinhood Token,Robinhood Assets (Jersey) Ltd,docs.robinhood.com/chain/contracts (canonical registry),"Underlying dividend yield, reinvested via multiplier (total return, no cash)",Underlying stock/ETF dividends,190+ tokens; $3B+ cumulative DEX volume (Sep 2026),Live,"Hybrid, legally restricted","Uniswap, Rialto, Arcus, 1inch, Lighter. Barred for US, Canada, UK, Switzerland, UAE persons"
2. Tokenized RWAs,Classic Stock Tokens,Classic Stock Tokens (EU),"Robinhood Europe, UAB",robinhood.com/eu,Cash dividends,Underlying dividends,Not on Robinhood Chain,App-only,Permissioned,None
2. Tokenized RWAs,BUIDL / OUSG / BENJI / USTB / USYC / VBILL / WTGXX,Tokenized Treasury / MMF funds,Various,—,n/a on this chain (~3.4–3.8% elsewhere),T-bills / repo,None found,Not deployed on Robinhood Chain,Permissioned on home chains,—
3. ETH staking & restaking,wstETH,Lido Wrapped Staked ETH,Lido,Bridged via Chainlink CCIP; Chainlink feeds live,Lido stETH APR (variable),ETH staking,Not verified,Bridge support + feeds live; supply unconfirmed,Permissionless,Bridge via CCIP / Transporter
3. ETH staking & restaking,weETH,ether.fi Wrapped eETH,ether.fi,0xA3D68b74bF0528fdD07263c60d6488749044914b,ether.fi staking + restaking APR (variable),ETH staking + restaking,Not verified,Live,Permissionless,Bridge in; DEX pools unverified
3. ETH staking & restaking,rETH / cbETH / ezETH,—,Rocket Pool / Coinbase / Renzo,—,n/a,—,Not found,Not on chain,—,—
3. ETH staking & restaking,Native staking,—,—,—,"None (ETH gas, no native token)",—,—,n/a,—,—
4. DeFi yield,Morpho Blue markets,USDG vs USDe / syrupUSDG / mGLO / spUSDG / WETH,Morpho,app.morpho.org,2.71–4.95% supply APY by market (Oct 6),Borrow interest,"$601.9M TVL, $480.8M loans (DefiLlama)",Live,Permissionless,Supply directly
4. DeFi yield,PT-USDG / YT-USDG (Mar 2027),Pendle USDG market,Pendle,app.pendle.finance,"Fixed implied rate, not verified",USDG yield wrapper (SY underlying unconfirmed),Not verified,"Live since Sep 30, 2026",Permissionless,Pendle app
4. DeFi yield,PT/YT-sNET,Pendle sNET market,Pendle / NetNet Capital,—,Matured,sNET rebasing,—,"Matured Sep 17, 2026; high-risk design",Permissionless,—
4. DeFi yield,Uniswap LP,Uniswap v2/v3/v4 (incl. Stock Token pairs),Uniswap,app.uniswap.org,"Variable fee APR, pool-specific",Swap fees,Largest app by users,Live,Permissionless,Provide liquidity
4. DeFi yield,up LP,"up (ve(3,3))",up33.xyz,up33.xyz,Variable,Fees + emissions,$8.4M,Live,Permissionless,Provide liquidity
4. DeFi yield,Ramses X LP,Ramses X,Ramses,ramses.exchange,Variable,95% of fees to LPs,Not verified,Live; possible wash trading,Permissionless,Provide liquidity
4. DeFi yield,Fables / Ekubo / PancakeSwap LP,Various DEXs,Various,—,Variable,Fees + points,Small,Live,Permissionless,Provide liquidity
4. DeFi yield,Small lenders,"Longbow, Native Credit Pool, Flock Credit, Ripe, Gage, TermMax",Various,—,Not verified,Borrow interest,<$50K to $2.48M each,"Live, tiny",Permissionless,Direct
4. DeFi yield,Aave / Compound / Euler / Fluid,—,—,—,n/a,—,—,Not deployed on Robinhood Chain,—,—
4. DeFi yield,Lighter (Robinhood instance),Lighter perps DEX,Lighter,—,"Points only (2x via Robinhood Wallet), not yield",Points / airdrop,$112.3M TVL,Live; restricted jurisdictions,Permissionless on-chain,Direct; Wallet access jurisdiction-gated
5. Robinhood-native,Robinhood Earn,See row in section 1,Robinhood,robinhood.com/us/en/crypto/earn,"~7% advertised, ~3.5–4% base",Morpho lending + rewards,—,Live,Permissioned,Use steakUSDG
5. Robinhood-native,Stock Token dividends,Dividend reinvestment multiplier,Robinhood,docs.robinhood.com/chain,Underlying dividend yield (no cash),Dividends,—,Live,"Hybrid, legally restricted",See Stock Tokens row
