# income goal: R$3.000/month from 2028-01, capital US$100000, fx 5.1809 (https://api.bcb.gov.br/dados/serie/bcdata.sgs.1/dados/ultimos/1?formato=json, 2026-09-30T21:55:32.897Z)
# legs: usdc=0.02 brl-leg=0.05 kamino-usdc=0.28 syrupusdc=0.25 usdy=0.4
# haircut yields: usdc=0.000000 (by_construction) brl-leg=0.000000 (by_construction) kamino-usdc=0.031248 (protocol_api) syrupusdc=0.049128 (realised_30d) usdy=0.050174 (realised_30d)
# month formula: leg_usd[m] = leg_usd[m-1] * (1 + haircut_yield/12); withdrawal from BRL leg, then USDC, then liquid legs pro rata; balance_brl = sum(leg_usd)*fx + brl_leg
month,withdrawal_brl,balance_usd,balance_brl,fx_usd_brl,liquidity_ok
2026-09,0,100342.51,519864.51,5.1809,1
2026-10,0,100686.33,521645.81,5.1809,1
2026-11,0,101031.46,523433.9,5.1809,1
2026-12,0,101377.91,525228.83,5.1809,1
2027-01,0,101725.69,527030.62,5.1809,1
2027-02,0,102074.79,528839.29,5.1809,1
2027-03,0,102425.23,530654.87,5.1809,1
2027-04,0,102777.01,532477.39,5.1809,1
2027-05,0,103130.13,534306.87,5.1809,1
2027-06,0,103484.6,536143.35,5.1809,1
2027-07,0,103840.42,537986.85,5.1809,1
2027-08,0,104197.61,539837.4,5.1809,1
2027-09,0,104556.16,541695.03,5.1809,1
2027-10,0,104916.09,543559.75,5.1809,1
2027-11,0,105277.39,545431.61,5.1809,1
2027-12,0,105640.07,547310.63,5.1809,1
2028-01,3000,105425.09,546196.84,5.1809,1
2028-02,3000,105211.5,545090.27,5.1809,1
2028-03,3000,104999.31,543990.94,5.1809,1
2028-04,3000,104788.53,542898.88,5.1809,1
2028-05,3000,104579.15,541814.12,5.1809,1
2028-06,3000,104371.19,540736.69,5.1809,1
2028-07,3000,104164.65,539666.63,5.1809,1
2028-08,3000,103959.53,538603.95,5.1809,1
2028-09,3000,103755.85,537548.69,5.1809,1
2028-10,3000,103553.6,536500.87,5.1809,1
2028-11,3000,103352.8,535460.53,5.1809,1
2028-12,3000,103153.45,534427.69,5.1809,1
2029-01,3000,102955.55,533402.39,5.1809,1
2029-02,3000,102757.16,532374.55,5.1809,1
2029-03,3000,102558.08,531343.16,5.1809,1
2029-04,3000,102358.32,530308.23,5.1809,1
2029-05,3000,102157.87,529269.73,5.1809,1
2029-06,3000,101956.73,528227.64,5.1809,1
2029-07,3000,101754.9,527181.96,5.1809,1
2029-08,3000,101552.37,526132.67,5.1809,1
2029-09,3000,101349.14,525079.76,5.1809,1
2029-10,3000,101145.21,524023.2,5.1809,1
2029-11,3000,100940.57,522962.99,5.1809,1
2029-12,3000,100735.22,521899.12,5.1809,1
2030-01,3000,100529.17,520831.55,5.1809,1
2030-02,3000,100322.39,519760.29,5.1809,1
2030-03,3000,100114.91,518685.32,5.1809,1
2030-04,3000,99906.7,517606.62,5.1809,1
2030-05,3000,99697.77,516524.18,5.1809,1
2030-06,3000,99488.11,515437.97,5.1809,1
2030-07,3000,99277.73,514348,5.1809,1
2030-08,3000,99066.62,513254.23,5.1809,1
2030-09,3000,98854.77,512156.66,5.1809,1
2030-10,3000,98642.18,511055.27,5.1809,1
2030-11,3000,98428.85,509950.05,5.1809,1
2030-12,3000,98214.78,508840.97,5.1809,1
2031-01,3000,97999.97,507728.03,5.1809,1
2031-02,3000,97784.4,506611.21,5.1809,1
2031-03,3000,97568.09,505490.5,5.1809,1
2031-04,3000,97351.01,504365.86,5.1809,1
2031-05,3000,97133.18,503237.31,5.1809,1
2031-06,3000,96914.59,502104.8,5.1809,1
2031-07,3000,96695.23,500968.34,5.1809,1
2031-08,3000,96475.11,499827.9,5.1809,1
